{"stats":{"minecraft:killed":{"minecraft:iron_golem":1,"minecraft:horse":1,"minecraft:cow":6},"minecraft:picked_up":{"minecraft:wheat":3,"minecraft:leather":5,"minecraft:potato":17,"minecraft:string":5,"minecraft:beetroot":7,"minecraft:wheat_seeds":11,"minecraft:gold_nugget":54,"minecraft:iron_ingot":5,"minecraft:beef":15,"minecraft:cobweb":4,"minecraft:melon_slice":31,"minecraft:stick":3,"iceandfire:copper_nugget":10,"minecraft:carrot":86,"minecraft:mossy_cobblestone":1,"minecraft:dark_oak_planks":8,"minecraft:beetroot_seeds":17,"minecraft:hay_block":107,"iceandfire:silver_nugget":76,"minecraft:cobblestone":20},"minecraft:crafted":{"iceandfire:silver_axe":1,"sophisticatedbackpacks:backpack":1,"iceandfire:silver_ingot":7,"minecraft:wooden_pickaxe":1,"minecraft:iron_sword":1,"minecraft:furnace":1,"minecraft:stone_axe":1,"iceandfire:copper_pile":5,"minecraft:bread":351,"quark:dark_oak_chest":1,"minecraft:stick":12,"minecraft:iron_pickaxe":1,"minecraft:stone_pickaxe":1,"minecraft:stone_sword":1,"minecraft:gold_ingot":6,"iceandfire:armor_silver_metal_boots":1,"minecraft:dark_oak_planks":32,"minecraft:stone_hoe":1,"minecraft:wheat":963},"minecraft:used":{"minecraft:wheat_seeds":11,"minecraft:stone_sword":79,"minecraft:stone_pickaxe":17,"minecraft:wooden_pickaxe":19,"minecraft:stone_hoe":77,"iceandfire:armor_silver_metal_boots":1,"minecraft:mossy_cobblestone":1,"minecraft:carrot":11,"minecraft:dark_oak_planks":1,"minecraft:melon_slice":7,"minecraft:bread":1,"minecraft:stone_axe":2,"minecraft:cobblestone":2,"minecraft:beetroot_seeds":16,"alexsmobs:animal_dictionary":1,"minecraft:potato":17,"minecraft:experience_bottle":1,"minecraft:cobweb":5},"minecraft:dropped":{"minecraft:stone_hoe":1,"iceandfire:silver_nugget":6,"iceandfire:copper_pile":5,"minecraft:cobweb":4,"minecraft:beetroot_seeds":1,"minecraft:paper":11,"minecraft:dark_oak_planks":7},"minecraft:mined":{"minecraft:dark_oak_planks":1,"minecraft:mossy_cobblestone":1,"minecraft:melon_stem":2,"iceandfire:copper_pile":2,"minecraft:melon":6,"minecraft:dead_bush":3,"minecraft:cobblestone":1,"minecraft:tall_grass":3,"minecraft:hay_block":107,"minecraft:carrots":22,"minecraft:wheat":4,"minecraft:grass":1,"minecraft:potatoes":21,"iceandfire:silver_pile":13,"minecraft:beetroots":11,"iceandfire:gold_pile":8,"minecraft:cobweb":5,"minecraft:stone":19,"minecraft:birch_fence":1},"minecraft:custom":{"minecraft:mob_kills":8,"minecraft:interact_with_crafting_table":15,"minecraft:time_since_death":43462,"minecraft:sleep_in_bed":3,"minecraft:climb_one_cm":10337,"minecraft:time_since_rest":8794,"minecraft:sprint_one_cm":79290,"minecraft:damage_taken":183,"minecraft:walk_one_cm":86788,"minecraft:drop":10,"minecraft:damage_dealt":1820,"minecraft:talked_to_villager":4,"minecraft:fly_one_cm":122962,"minecraft:open_chest":52,"minecraft:crouch_one_cm":94,"minecraft:play_time":43462,"minecraft:sneak_time":218,"minecraft:jump":555,"minecraft:walk_on_water_one_cm":593,"minecraft:total_world_time":43462,"minecraft:fall_one_cm":9860}},"DataVersion":3465}