{"stats":{"minecraft:killed":{"minecraft:iron_golem":1,"minecraft:cow":6,"minecraft:horse":1},"minecraft:picked_up":{"minecraft:stick":3,"iceandfire:copper_nugget":10,"minecraft:wheat":3,"minecraft:leather":5,"minecraft:potato":17,"minecraft:carrot":86,"minecraft:string":5,"minecraft:mossy_cobblestone":1,"minecraft:dark_oak_planks":1,"minecraft:beetroot":7,"minecraft:beetroot_seeds":17,"minecraft:wheat_seeds":11,"minecraft:gold_nugget":54,"minecraft:hay_block":107,"minecraft:beef":15,"minecraft:iron_ingot":5,"minecraft:melon_slice":31,"iceandfire:silver_nugget":70,"minecraft:cobblestone":20},"minecraft:crafted":{"iceandfire:silver_ingot":7,"minecraft:stick":12,"minecraft:wooden_pickaxe":1,"minecraft:stone_pickaxe":1,"minecraft:stone_sword":1,"minecraft:furnace":1,"minecraft:dark_oak_planks":32,"minecraft:stone_hoe":1,"minecraft:stone_axe":1,"iceandfire:copper_pile":5,"minecraft:bread":5},"minecraft:used":{"minecraft:wheat_seeds":11,"minecraft:dark_oak_planks":1,"minecraft:stone_sword":79,"minecraft:bread":1,"minecraft:stone_pickaxe":17,"minecraft:wooden_pickaxe":19,"minecraft:stone_hoe":77,"minecraft:mossy_cobblestone":1,"minecraft:stone_axe":2,"minecraft:cobblestone":2,"minecraft:carrot":11,"minecraft:beetroot_seeds":16,"alexsmobs:animal_dictionary":1,"minecraft:potato":17,"minecraft:cobweb":5,"minecraft:experience_bottle":1},"minecraft:mined":{"minecraft:dark_oak_planks":1,"minecraft:hay_block":107,"minecraft:carrots":22,"minecraft:mossy_cobblestone":1,"minecraft:melon_stem":2,"iceandfire:copper_pile":2,"minecraft:wheat":4,"minecraft:grass":1,"iceandfire:silver_pile":13,"minecraft:potatoes":21,"iceandfire:gold_pile":8,"minecraft:melon":6,"minecraft:beetroots":11,"minecraft:dead_bush":3,"minecraft:cobweb":5,"minecraft:tall_grass":3,"minecraft:cobblestone":1,"minecraft:stone":19,"minecraft:birch_fence":1},"minecraft:dropped":{"minecraft:cobweb":4,"minecraft:stone_hoe":1,"minecraft:beetroot_seeds":1,"iceandfire:copper_pile":5,"minecraft:paper":11},"minecraft:custom":{"minecraft:time_since_rest":8696,"minecraft:sprint_one_cm":75538,"minecraft:damage_taken":153,"minecraft:walk_one_cm":79398,"minecraft:mob_kills":8,"minecraft:drop":8,"minecraft:damage_dealt":1820,"minecraft:interact_with_crafting_table":8,"minecraft:talked_to_villager":3,"minecraft:fly_one_cm":113859,"minecraft:open_chest":45,"minecraft:crouch_one_cm":94,"minecraft:play_time":31462,"minecraft:sneak_time":194,"minecraft:jump":501,"minecraft:time_since_death":31462,"minecraft:walk_on_water_one_cm":593,"minecraft:sleep_in_bed":2,"minecraft:total_world_time":31462,"minecraft:climb_one_cm":9650,"minecraft:fall_one_cm":8565}},"DataVersion":3465}