{"stats":{"minecraft:killed":{"minecraft:iron_golem":1,"born_in_chaos_v1:maggot":1,"minecraft:horse":1,"minecraft:villager":1,"luminousworld:savannah_zombie":1,"minecraft:cow":6},"minecraft:picked_up":{"minecraft:wheat":3,"minecraft:flower_pot":1,"minecraft:leather":5,"minecraft:potato":17,"minecraft:brown_bed":1,"iceandfire:ectoplasm":1,"minecraft:string":5,"minecraft:bone":13,"minecraft:beetroot":7,"iceandfire:graveyard_soil":2,"minecraft:wheat_seeds":11,"minecraft:gold_nugget":69,"minecraft:iron_ingot":5,"minecraft:beef":15,"minecraft:cobweb":4,"minecraft:melon_slice":31,"minecraft:stick":3,"iceandfire:ghost_chest":1,"iceandfire:copper_nugget":10,"minecraft:carrot":86,"minecraft:mossy_cobblestone":1,"minecraft:dark_oak_planks":8,"minecraft:rotten_flesh":5,"minecraft:beetroot_seeds":17,"minecraft:hay_block":107,"minecraft:red_tulip":1,"supplementaries:ash":1,"minecraft:skeleton_skull":1,"iceandfire:silver_nugget":76,"minecraft:cobblestone":20},"minecraft:crafted":{"iceandfire:silver_axe":1,"minecraft:red_dye":1,"sophisticatedbackpacks:backpack":1,"iceandfire:silver_ingot":7,"minecraft:wooden_pickaxe":1,"minecraft:iron_sword":1,"minecraft:red_bed":1,"minecraft:furnace":1,"minecraft:stone_axe":1,"iceandfire:copper_pile":5,"minecraft:bread":351,"quark:dark_oak_chest":1,"minecraft:stick":12,"minecraft:iron_pickaxe":1,"minecraft:stone_pickaxe":1,"minecraft:stone_sword":1,"minecraft:gold_ingot":6,"iceandfire:armor_silver_metal_boots":1,"minecraft:dark_oak_planks":32,"minecraft:stone_hoe":1,"minecraft:wheat":963},"minecraft:used":{"minecraft:wheat_seeds":11,"minecraft:stone_sword":79,"minecraft:stone_pickaxe":17,"minecraft:wooden_pickaxe":19,"minecraft:iron_sword":7,"minecraft:stone_hoe":77,"iceandfire:armor_silver_metal_boots":1,"minecraft:mossy_cobblestone":1,"minecraft:carrot":11,"iceandfire:silver_axe":1,"minecraft:flower_pot":1,"minecraft:dark_oak_planks":1,"minecraft:melon_slice":14,"minecraft:bread":2,"iceandfire:graveyard_soil":1,"minecraft:stone_axe":2,"minecraft:cobblestone":2,"minecraft:beetroot_seeds":16,"alexsmobs:animal_dictionary":1,"minecraft:potato":17,"minecraft:experience_bottle":3,"minecraft:cobweb":5},"minecraft:dropped":{"minecraft:stone_hoe":1,"iceandfire:silver_nugget":6,"minecraft:rotten_flesh":5,"iceandfire:copper_pile":5,"iceandfire:graveyard_soil":1,"minecraft:cobweb":4,"iceandfire:ghost_chest":1,"minecraft:skeleton_skull":1,"minecraft:beetroot_seeds":1,"minecraft:gold_nugget":15,"minecraft:paper":11,"minecraft:dark_oak_planks":7},"minecraft:mined":{"minecraft:dark_oak_planks":1,"iceandfire:graveyard_soil":1,"minecraft:mossy_cobblestone":1,"minecraft:melon_stem":2,"iceandfire:copper_pile":2,"minecraft:melon":6,"iceandfire:ghost_chest":1,"minecraft:dead_bush":3,"minecraft:cobblestone":1,"minecraft:tall_grass":3,"minecraft:hay_block":107,"minecraft:carrots":22,"minecraft:wheat":4,"minecraft:brown_bed":1,"minecraft:grass":2,"minecraft:potatoes":21,"iceandfire:silver_pile":13,"minecraft:beetroots":11,"iceandfire:gold_pile":8,"minecraft:cobweb":5,"minecraft:potted_red_tulip":1,"minecraft:stone":19,"minecraft:birch_fence":1},"minecraft:custom":{"minecraft:mob_kills":11,"minecraft:interact_with_crafting_table":15,"minecraft:tune_noteblock":7,"minecraft:eat_cake_slice":4,"minecraft:damage_dealt_resisted":10,"minecraft:leave_game":1,"minecraft:time_since_death":54984,"minecraft:sleep_in_bed":4,"minecraft:climb_one_cm":11706,"minecraft:time_since_rest":6462,"minecraft:sprint_one_cm":122248,"minecraft:damage_taken":438,"minecraft:walk_one_cm":104189,"minecraft:drop":19,"minecraft:damage_dealt":2570,"minecraft:talked_to_villager":5,"minecraft:fly_one_cm":199423,"minecraft:open_chest":57,"minecraft:crouch_one_cm":94,"minecraft:play_time":54984,"tombstone:undead_killed":1,"minecraft:sneak_time":244,"tombstone:villager_killed":1,"minecraft:jump":827,"minecraft:walk_on_water_one_cm":593,"minecraft:total_world_time":54984,"minecraft:fall_one_cm":14911}},"DataVersion":3465}